time,offerType
2022-03-07 08:30:00,3
2022-03-07 08:30:07,2
2022-03-07 08:31:17,3
2022-03-07 08:32:53,3
2022-03-07 08:36:20,2
2022-03-07 08:40:16,2
2022-03-07 08:44:21,3
2022-03-07 08:44:44,2
2022-03-07 08:45:00,3
2022-03-07 08:46:00,2
2022-03-07 08:46:55,2
2022-03-07 08:49:43,2
2022-03-07 08:53:21,3
2022-03-07 08:54:30,2
2022-03-07 08:56:22,3
2022-03-07 08:57:33,2
2022-03-07 09:00:20,2
2022-03-07 09:01:24,3
2022-03-07 09:01:58,2
2022-03-07 09:03:04,3
2022-03-07 09:04:03,3
2022-03-07 09:04:24,2
2022-03-07 09:05:45,3
2022-03-07 09:05:47,2
2022-03-07 09:06:22,2
2022-03-07 09:06:26,3
2022-03-07 09:06:39,2
2022-03-07 09:07:20,3
2022-03-07 09:08:14,3
2022-03-07 09:08:19,1
2022-03-07 09:08:22,2
2022-03-07 09:08:38,3
2022-03-07 09:09:08,2
2022-03-07 09:09:31,2
2022-03-07 09:10:49,3
2022-03-07 09:10:58,2
2022-03-07 09:12:10,2
2022-03-07 09:12:52,2
2022-03-07 09:13:18,2
2022-03-07 09:13:29,2
2022-03-07 09:13:56,3
2022-03-07 09:14:22,2
2022-03-07 09:14:27,2
2022-03-07 09:15:33,2
2022-03-07 09:16:10,3
2022-03-07 09:19:24,3
2022-03-07 09:19:32,3
2022-03-07 09:19:46,2
2022-03-07 09:21:00,2
2022-03-07 09:21:33,2
2022-03-07 09:22:29,2
2022-03-07 09:22:31,3
2022-03-07 09:24:38,3
2022-03-07 09:24:45,3
2022-03-07 09:25:27,3
2022-03-07 09:25:54,4
2022-03-07 09:26:08,2
2022-03-07 09:26:13,4
2022-03-07 09:27:30,3
2022-03-07 09:28:28,2
2022-03-07 09:30:34,2
2022-03-07 09:31:14,2
2022-03-07 09:31:28,2
2022-03-07 09:31:52,0
2022-03-07 09:32:01,3
2022-03-07 09:32:48,2
2022-03-07 09:33:21,1
2022-03-07 09:33:31,2
2022-03-07 09:34:02,3
2022-03-07 09:34:42,3
2022-03-07 09:34:42,2
2022-03-07 09:34:48,2
2022-03-07 09:35:06,2
2022-03-07 09:35:29,2
2022-03-07 09:36:37,3
2022-03-07 09:36:54,2
2022-03-07 09:37:38,2
2022-03-07 09:38:41,3
2022-03-07 09:38:41,2
2022-03-07 09:40:19,2
2022-03-07 09:41:26,1
2022-03-07 09:43:41,2
2022-03-07 09:44:55,2
2022-03-07 09:49:03,3
2022-03-07 09:52:18,2
2022-03-07 09:53:49,2
2022-03-07 09:54:06,3
2022-03-07 09:54:22,2
2022-03-07 09:54:42,2
2022-03-07 09:55:08,3
2022-03-07 09:55:40,2
2022-03-07 09:56:38,2
2022-03-07 09:57:02,2
2022-03-07 09:57:30,2
2022-03-07 09:57:40,3
2022-03-07 09:58:12,2
2022-03-07 09:58:15,3
2022-03-07 10:02:04,3
2022-03-07 10:02:13,2
2022-03-07 10:02:40,3
2022-03-07 10:04:39,3
2022-03-07 10:05:03,2
2022-03-07 10:05:20,2
2022-03-07 10:05:58,3
2022-03-07 10:06:28,2
2022-03-07 10:06:40,2
2022-03-07 10:07:02,3
2022-03-07 10:07:26,2
2022-03-07 10:08:28,1
2022-03-07 10:08:46,2
2022-03-07 10:10:21,1
2022-03-07 10:11:52,2
2022-03-07 10:14:45,3
2022-03-07 10:15:34,3
2022-03-07 10:17:13,0
2022-03-07 10:17:14,4
2022-03-07 10:18:12,3
2022-03-07 10:22:55,2
2022-03-07 10:23:04,3
2022-03-07 10:23:20,2
2022-03-07 10:24:46,3
2022-03-07 10:24:46,1
2022-03-07 10:25:04,2
2022-03-07 10:25:18,2
2022-03-07 10:25:37,1
2022-03-07 10:26:06,2
2022-03-07 10:26:40,2
2022-03-07 10:28:24,2
2022-03-07 10:29:05,2
2022-03-07 10:29:31,3
2022-03-07 10:30:36,3
2022-03-07 10:31:04,4
2022-03-07 10:31:37,3
2022-03-07 10:31:47,4
2022-03-07 10:31:49,1
2022-03-07 10:31:54,3
2022-03-07 10:32:30,3
2022-03-07 10:33:28,3
2022-03-07 10:33:29,3
2022-03-07 10:33:58,3
2022-03-07 10:34:13,2
2022-03-07 10:34:48,2
2022-03-07 10:35:26,3
2022-03-07 10:35:32,3
2022-03-07 10:35:49,2
2022-03-07 10:36:25,3
2022-03-07 10:36:26,3
2022-03-07 10:36:49,2
2022-03-07 10:36:56,3
2022-03-07 10:37:33,2
2022-03-07 10:37:37,2
2022-03-07 10:38:12,2
2022-03-07 10:38:49,2
2022-03-07 10:38:59,2
2022-03-07 10:40:05,3
2022-03-07 10:40:23,3
2022-03-07 10:41:23,2
2022-03-07 10:42:21,1
2022-03-07 10:43:12,2
2022-03-07 10:44:54,2
2022-03-07 10:46:14,2
2022-03-07 10:46:44,4
2022-03-07 10:47:44,2
2022-03-07 10:48:17,3
2022-03-07 10:48:32,2
2022-03-07 10:49:36,3
2022-03-07 10:50:05,3
2022-03-07 10:50:20,2
2022-03-07 10:50:42,4
2022-03-07 10:51:35,2
2022-03-07 10:53:15,2
2022-03-07 10:55:30,3
2022-03-07 10:55:35,4
2022-03-07 10:55:52,3
2022-03-07 10:56:15,2
2022-03-07 10:57:35,2
2022-03-07 10:57:53,2
2022-03-07 10:58:20,3
2022-03-07 10:58:25,0
2022-03-07 10:58:32,2
2022-03-07 10:58:36,2
2022-03-07 10:59:50,2
2022-03-07 11:00:25,2
2022-03-07 11:00:39,2
2022-03-07 11:00:58,2
2022-03-07 11:02:23,2
2022-03-07 11:03:03,2
2022-03-07 11:03:23,3
2022-03-07 11:04:10,3
2022-03-07 11:04:11,2
2022-03-07 11:05:13,2
2022-03-07 11:05:53,2
2022-03-07 11:06:17,2
2022-03-07 11:06:46,2
2022-03-07 11:07:12,2
2022-03-07 11:07:39,2
2022-03-07 11:09:13,4
2022-03-07 11:10:33,2
2022-03-07 11:10:44,2
2022-03-07 11:10:57,3
2022-03-07 11:12:09,2
2022-03-07 11:12:31,2
2022-03-07 11:12:43,0
2022-03-07 11:14:24,3
2022-03-07 11:14:47,2
2022-03-07 11:15:14,3
2022-03-07 11:15:16,0
2022-03-07 11:15:36,2
2022-03-07 11:15:46,2
2022-03-07 11:16:23,3
2022-03-07 11:17:30,2
2022-03-07 11:17:43,2
2022-03-07 11:18:08,2
2022-03-07 11:19:15,3
2022-03-07 11:19:37,3
2022-03-07 11:23:28,2
2022-03-07 11:24:01,3
2022-03-07 11:24:21,2
2022-03-07 11:24:23,3
2022-03-07 11:24:53,2
2022-03-07 11:25:31,3
2022-03-07 11:25:59,3
2022-03-07 11:28:37,2
2022-03-07 11:28:54,3
2022-03-07 11:30:43,3
2022-03-07 11:32:40,1
2022-03-07 11:33:06,3
2022-03-07 11:33:41,2
2022-03-07 11:34:42,2
2022-03-07 11:36:01,3
2022-03-07 11:37:36,2
2022-03-07 11:43:23,2
2022-03-07 11:43:49,2
2022-03-07 11:46:42,2
2022-03-07 11:48:15,2
2022-03-07 11:48:36,3
2022-03-07 11:48:47,2
2022-03-07 11:57:03,3
2022-03-07 11:58:43,2
2022-03-07 11:58:52,3
2022-03-07 12:09:41,3
2022-03-07 12:11:04,3
2022-03-07 12:11:58,3
2022-03-07 12:13:24,2
2022-03-07 12:17:41,4
2022-03-07 12:18:31,3
2022-03-07 12:19:09,2
2022-03-07 12:19:47,2
2022-03-07 12:20:46,2
2022-03-07 12:23:17,2
2022-03-07 12:23:31,2
2022-03-07 12:25:16,2
2022-03-07 12:26:07,2
2022-03-07 12:30:13,2
2022-03-07 12:30:39,2
2022-03-07 12:31:13,2
2022-03-07 12:31:47,3
2022-03-07 12:35:03,2
2022-03-07 12:36:04,1
2022-03-07 12:36:35,2
2022-03-07 12:39:54,3
2022-03-07 12:42:13,2
2022-03-07 12:42:39,2
2022-03-07 12:43:23,3
2022-03-07 12:43:41,2
2022-03-07 12:43:47,3
2022-03-07 12:45:01,3
2022-03-07 12:45:59,3
2022-03-07 12:47:23,2
2022-03-07 12:48:24,2
2022-03-07 12:48:46,3
2022-03-07 12:49:42,3
2022-03-07 12:49:57,2
2022-03-07 12:51:20,3
2022-03-07 12:52:41,3
2022-03-07 12:52:46,3
2022-03-07 12:54:14,3
2022-03-07 12:55:29,3
2022-03-07 12:56:36,2
2022-03-07 12:58:35,2
2022-03-07 12:59:31,2
2022-03-07 13:00:10,3
2022-03-07 13:04:06,2
2022-03-07 13:07:44,0
2022-03-07 13:11:33,3
2022-03-07 13:12:21,3
2022-03-07 13:16:19,3
2022-03-07 13:22:11,3
2022-03-07 13:22:32,2
2022-03-07 13:24:46,3
2022-03-07 13:27:10,3
2022-03-07 13:32:34,2
2022-03-07 13:32:35,3
2022-03-07 13:37:57,2
2022-03-07 13:39:45,2
2022-03-07 13:41:00,2
2022-03-07 13:42:07,1
2022-03-07 13:42:35,3
2022-03-07 13:47:42,2
2022-03-07 13:50:37,2
2022-03-07 13:51:09,2
2022-03-07 13:51:41,3
2022-03-07 13:53:38,3
2022-03-07 13:56:06,1
2022-03-07 13:56:47,2
2022-03-07 13:57:12,2
2022-03-07 13:57:25,2
2022-03-07 13:58:58,2
2022-03-07 13:59:00,4
2022-03-07 14:02:03,3
2022-03-07 14:02:36,2
2022-03-07 14:03:01,2
2022-03-07 14:03:41,2
2022-03-07 14:06:44,3
2022-03-07 14:07:02,2
2022-03-07 14:07:05,3
2022-03-07 14:07:06,3
2022-03-07 14:07:27,3
2022-03-07 14:07:56,2
2022-03-07 14:09:53,2
2022-03-07 14:11:44,3
2022-03-07 14:11:44,3
2022-03-07 14:12:33,3
2022-03-07 14:12:53,2
2022-03-07 14:13:38,2
2022-03-07 14:13:58,2
2022-03-07 14:14:28,2
2022-03-07 14:16:33,2
2022-03-07 14:16:53,3
2022-03-07 14:17:11,2
2022-03-07 14:17:38,3
2022-03-07 14:19:00,3
2022-03-07 14:19:21,2
2022-03-07 14:19:43,2
2022-03-07 14:20:59,2
2022-03-07 14:20:59,3
2022-03-07 14:21:10,2
2022-03-07 14:23:32,3
2022-03-07 14:24:47,3
2022-03-07 14:25:23,3
2022-03-07 14:26:40,2
2022-03-07 14:27:27,2
2022-03-07 14:27:31,2
2022-03-07 14:28:15,2
2022-03-07 14:31:30,3
2022-03-07 14:32:53,2
2022-03-07 14:33:03,2
2022-03-07 14:33:06,3
2022-03-07 14:33:27,0
2022-03-07 14:33:37,3
2022-03-07 14:36:28,2
2022-03-07 14:37:13,2
2022-03-07 14:38:46,3
2022-03-07 14:39:45,2
2022-03-07 14:41:03,2
2022-03-07 14:41:28,3
2022-03-07 14:42:26,3
2022-03-07 14:44:45,2
2022-03-07 14:45:05,3
2022-03-07 14:45:32,2
2022-03-07 14:46:21,3
2022-03-07 14:46:29,3
2022-03-07 14:46:56,3
2022-03-07 14:47:13,2
2022-03-07 14:48:14,2
2022-03-07 14:48:28,2
2022-03-07 14:49:34,3
2022-03-07 14:49:51,3
2022-03-07 14:50:52,2
2022-03-07 14:51:50,3
2022-03-07 14:52:47,2
2022-03-07 14:53:31,2
2022-03-07 14:54:51,2
2022-03-07 14:55:31,2
2022-03-07 14:58:02,2
2022-03-07 14:58:14,3
2022-03-07 14:58:27,2
2022-03-07 14:58:35,2
2022-03-07 14:58:40,3
2022-03-07 14:59:24,2
2022-03-07 14:59:33,2
2022-03-07 15:01:21,3
2022-03-07 15:01:27,3
2022-03-07 15:01:43,2
2022-03-07 15:02:09,2
2022-03-07 15:02:15,0
2022-03-07 15:02:35,1
2022-03-07 15:02:43,2
2022-03-07 15:03:00,2
2022-03-07 15:03:10,2
2022-03-07 15:03:12,2
2022-03-07 15:03:22,3
2022-03-07 15:04:27,3
2022-03-07 15:05:48,4
2022-03-07 15:06:50,2
2022-03-07 15:07:02,2
2022-03-07 15:10:02,2
2022-03-07 15:10:17,2
2022-03-07 15:10:17,0
2022-03-07 15:10:47,2
2022-03-07 15:11:59,3
2022-03-07 15:12:38,3
2022-03-07 15:12:41,4
2022-03-07 15:13:26,3
2022-03-07 15:14:21,3
2022-03-07 15:14:49,2
2022-03-07 15:16:58,3
2022-03-07 15:17:44,2
2022-03-07 15:19:13,2
2022-03-07 15:19:29,2
2022-03-07 15:20:04,2
2022-03-07 15:20:57,3
2022-03-07 15:21:25,3
2022-03-07 15:21:37,2
2022-03-07 15:22:01,2
2022-03-07 15:22:07,3
2022-03-07 15:22:14,3
2022-03-07 15:22:20,3
2022-03-07 15:22:44,3
2022-03-07 15:23:14,0
2022-03-07 15:23:35,3
2022-03-07 15:24:04,2
2022-03-07 15:24:39,2
2022-03-07 15:25:34,2
2022-03-07 15:26:14,3
2022-03-07 15:26:22,2
2022-03-07 15:27:12,3
2022-03-07 15:28:07,3
2022-03-07 15:28:53,3
2022-03-07 15:31:17,3
2022-03-07 15:31:28,3
2022-03-07 15:31:48,3
2022-03-07 15:32:22,3
2022-03-07 15:32:28,3
2022-03-07 15:32:37,3
2022-03-07 15:33:14,2
2022-03-07 15:33:50,1
2022-03-07 15:34:10,1
2022-03-07 15:35:05,3
2022-03-07 15:35:15,2
2022-03-07 15:37:06,3
2022-03-07 15:37:34,2
2022-03-07 15:39:03,2
2022-03-07 15:39:20,4
2022-03-07 15:39:55,3
2022-03-07 15:40:13,3
2022-03-07 15:40:33,3
2022-03-07 15:40:50,3
2022-03-07 15:41:21,2
2022-03-07 15:41:29,2
2022-03-07 15:41:40,3
2022-03-07 15:42:33,2
2022-03-07 15:44:01,2
2022-03-07 15:44:18,2
2022-03-07 15:44:45,2
2022-03-07 15:44:47,2
2022-03-07 15:45:30,2
2022-03-07 15:46:35,3
2022-03-07 15:48:13,3
2022-03-07 15:48:40,3
2022-03-07 15:49:51,3
2022-03-07 15:50:39,2
2022-03-07 15:50:50,3
2022-03-07 15:50:51,3
2022-03-07 15:52:05,2
2022-03-07 15:52:27,3
2022-03-07 15:53:14,3
2022-03-07 15:53:28,3
2022-03-07 15:54:00,3
2022-03-07 15:54:15,3
2022-03-07 15:54:33,2
2022-03-07 15:55:07,2
2022-03-07 15:55:27,2
2022-03-07 15:59:31,3
2022-03-07 15:59:34,3
2022-03-07 16:01:11,2
2022-03-07 16:02:31,2
2022-03-07 16:07:46,2
2022-03-07 16:08:49,1
2022-03-07 16:10:59,3
2022-03-07 16:11:21,2
2022-03-07 16:13:16,0
2022-03-07 16:14:37,3
2022-03-07 16:15:22,3
2022-03-07 16:16:06,3
2022-03-07 16:20:28,2
2022-03-07 16:24:48,3
2022-03-07 16:25:35,3
2022-03-07 16:25:58,2
2022-03-07 16:26:38,3
2022-03-07 16:28:27,3
2022-03-07 16:29:23,3
2022-03-07 16:34:54,1
2022-03-07 16:34:56,3
2022-03-07 16:35:17,2
2022-03-07 16:35:34,2
2022-03-07 16:35:59,3
2022-03-07 16:39:02,3
2022-03-07 16:42:42,2
2022-03-07 16:45:17,2
2022-03-07 16:46:00,2
2022-03-07 16:47:44,3
2022-03-07 16:47:48,2
2022-03-07 16:54:49,3
2022-03-07 16:57:42,3
2022-03-07 16:58:53,2
2022-03-07 16:59:23,3
2022-03-07 16:59:44,3
2022-03-07 17:00:21,3
2022-03-07 17:01:17,2
2022-03-07 17:01:22,3
2022-03-07 17:01:43,3
2022-03-07 17:02:20,3
2022-03-07 17:02:34,2
2022-03-07 17:03:50,2
2022-03-07 17:05:15,2
2022-03-07 17:06:27,2
2022-03-07 17:06:34,2
2022-03-07 17:10:16,3
2022-03-07 17:10:42,3
2022-03-07 17:10:57,2
2022-03-07 17:11:22,3
2022-03-07 17:11:39,3
2022-03-07 17:12:18,2
2022-03-07 17:13:18,2
2022-03-07 17:14:06,2
2022-03-07 17:14:23,0
2022-03-07 17:15:00,2
2022-03-07 17:15:10,2
2022-03-07 17:16:05,2
2022-03-07 17:17:05,0
2022-03-07 17:18:16,3
2022-03-08 08:30:00,3
2022-03-08 08:30:24,2
2022-03-08 08:33:12,3
2022-03-08 08:33:35,2
2022-03-08 08:35:24,2
2022-03-08 08:37:54,2
2022-03-08 08:37:54,2
2022-03-08 08:38:11,2
2022-03-08 08:40:03,3
2022-03-08 08:40:31,3
2022-03-08 08:42:04,2
2022-03-08 08:42:11,2
2022-03-08 08:43:30,3
2022-03-08 08:46:28,2
2022-03-08 08:48:05,3
2022-03-08 08:50:21,2
2022-03-08 08:53:12,1
2022-03-08 08:53:47,2
2022-03-08 08:53:58,2
2022-03-08 08:53:59,2
2022-03-08 08:57:14,1
2022-03-08 08:57:19,2
2022-03-08 08:57:53,3
2022-03-08 08:59:12,4
2022-03-08 08:59:44,2
2022-03-08 08:59:48,2
2022-03-08 09:00:37,2
2022-03-08 09:01:01,2
2022-03-08 09:01:02,2
2022-03-08 09:02:18,3
2022-03-08 09:03:05,2
2022-03-08 09:03:39,3
2022-03-08 09:03:59,2
2022-03-08 09:04:42,3
2022-03-08 09:04:55,3
2022-03-08 09:05:34,1
2022-03-08 09:06:37,2
2022-03-08 09:09:52,2
2022-03-08 09:11:02,3
2022-03-08 09:13:02,3
2022-03-08 09:13:05,3
2022-03-08 09:13:37,3
2022-03-08 09:13:43,3
2022-03-08 09:14:03,2
2022-03-08 09:14:08,3
2022-03-08 09:15:41,3
2022-03-08 09:16:15,3
2022-03-08 09:16:43,3
2022-03-08 09:16:55,2
2022-03-08 09:17:05,2
2022-03-08 09:17:14,0
2022-03-08 09:18:27,3
2022-03-08 09:18:33,3
2022-03-08 09:18:50,2
2022-03-08 09:19:19,3
2022-03-08 09:20:16,2
2022-03-08 09:20:35,3
2022-03-08 09:20:42,0
2022-03-08 09:21:30,2
2022-03-08 09:22:51,2
2022-03-08 09:23:20,2
2022-03-08 09:24:01,2
2022-03-08 09:24:39,3
2022-03-08 09:25:25,3
2022-03-08 09:25:58,3
2022-03-08 09:26:07,2
2022-03-08 09:26:26,3
2022-03-08 09:27:25,2
2022-03-08 09:28:06,2
2022-03-08 09:28:11,2
2022-03-08 09:28:28,3
2022-03-08 09:28:36,2
2022-03-08 09:28:54,2
2022-03-08 09:29:10,2
2022-03-08 09:29:11,3
2022-03-08 09:29:34,3
2022-03-08 09:30:22,3
2022-03-08 09:30:32,3
2022-03-08 09:30:52,3
2022-03-08 09:32:07,2
2022-03-08 09:32:26,2
2022-03-08 09:33:57,2
2022-03-08 09:33:58,3
2022-03-08 09:34:28,2
2022-03-08 09:35:20,2
2022-03-08 09:35:50,2
2022-03-08 09:36:52,2
2022-03-08 09:37:02,3
2022-03-08 09:37:42,3
2022-03-08 09:38:23,3
2022-03-08 09:39:12,3
2022-03-08 09:39:52,4
2022-03-08 09:40:08,3
2022-03-08 09:40:35,3
2022-03-08 09:41:45,2
2022-03-08 09:41:56,2
2022-03-08 09:42:25,4
2022-03-08 09:42:34,3
2022-03-08 09:42:41,3
2022-03-08 09:42:54,3
2022-03-08 09:43:12,3
2022-03-08 09:44:02,4
2022-03-08 09:44:27,2
2022-03-08 09:44:49,2
2022-03-08 09:46:08,2
2022-03-08 09:46:44,2
2022-03-08 09:47:03,2
2022-03-08 09:47:12,2
2022-03-08 09:47:15,0
2022-03-08 09:47:16,3
2022-03-08 09:47:38,3
2022-03-08 09:47:43,2
2022-03-08 09:48:18,2
2022-03-08 09:48:45,3
2022-03-08 09:49:51,4
2022-03-08 09:50:06,0
2022-03-08 09:51:10,2
2022-03-08 09:51:14,3
2022-03-08 09:51:33,2
2022-03-08 09:51:42,1
2022-03-08 09:52:02,2
2022-03-08 09:53:03,2
2022-03-08 09:53:50,2
2022-03-08 09:59:30,3
2022-03-08 09:59:35,2
2022-03-08 10:00:26,2
2022-03-08 10:00:37,3
2022-03-08 10:01:06,2
2022-03-08 10:01:21,3
2022-03-08 10:01:27,2
2022-03-08 10:01:35,2
2022-03-08 10:04:44,2
2022-03-08 10:05:15,3
2022-03-08 10:05:47,3
2022-03-08 10:05:57,0
2022-03-08 10:08:33,2
2022-03-08 10:09:00,2
2022-03-08 10:13:01,3
2022-03-08 10:13:41,1
2022-03-08 10:14:03,3
2022-03-08 10:16:57,3
2022-03-08 10:17:48,0
2022-03-08 10:19:53,2
2022-03-08 10:20:00,2
2022-03-08 10:20:11,3
2022-03-08 10:20:19,1
2022-03-08 10:21:46,2
2022-03-08 10:22:29,1
2022-03-08 10:22:51,2
2022-03-08 10:22:54,3
2022-03-08 10:23:56,2
2022-03-08 10:24:41,2
2022-03-08 10:25:09,3
2022-03-08 10:25:11,3
2022-03-08 10:25:31,3
2022-03-08 10:27:48,3
2022-03-08 10:28:27,3
2022-03-08 10:29:05,2
2022-03-08 10:29:26,2
2022-03-08 10:29:33,2
2022-03-08 10:30:00,2
2022-03-08 10:30:01,2
2022-03-08 10:30:25,3
2022-03-08 10:30:29,3
2022-03-08 10:30:33,2
2022-03-08 10:30:48,2
2022-03-08 10:30:51,3
2022-03-08 10:31:13,3
2022-03-08 10:32:08,3
2022-03-08 10:32:46,4
2022-03-08 10:33:22,1
2022-03-08 10:33:39,3
2022-03-08 10:33:43,3
2022-03-08 10:34:07,2
2022-03-08 10:34:20,1
2022-03-08 10:34:59,3
2022-03-08 10:36:00,2
2022-03-08 10:36:02,3
2022-03-08 10:36:56,2
2022-03-08 10:37:08,3
2022-03-08 10:37:27,0
2022-03-08 10:37:46,3
2022-03-08 10:38:28,2
2022-03-08 10:38:39,3
2022-03-08 10:39:37,2
2022-03-08 10:40:08,2
2022-03-08 10:40:11,3
2022-03-08 10:40:50,2
2022-03-08 10:42:15,0
2022-03-08 10:42:51,2
2022-03-08 10:42:59,2
2022-03-08 10:44:06,3
2022-03-08 10:44:08,3
2022-03-08 10:45:05,0
2022-03-08 10:46:00,0
2022-03-08 10:48:04,2
2022-03-08 10:48:09,0
2022-03-08 10:48:25,3
2022-03-08 10:48:31,2
2022-03-08 10:48:46,3
2022-03-08 10:49:48,2
2022-03-08 10:49:50,3
2022-03-08 10:49:52,3
2022-03-08 10:50:13,3
2022-03-08 10:50:52,3
2022-03-08 10:51:10,3
2022-03-08 10:52:11,2
2022-03-08 10:52:14,2
2022-03-08 10:52:29,2
2022-03-08 10:53:56,0
2022-03-08 10:54:11,2
2022-03-08 10:55:32,2
2022-03-08 10:56:24,2
2022-03-08 10:57:09,2
2022-03-08 10:57:13,3
2022-03-08 10:57:17,2
2022-03-08 10:57:26,3
2022-03-08 10:57:48,2
2022-03-08 10:58:50,3
2022-03-08 10:59:37,2
2022-03-08 11:00:12,3
2022-03-08 11:00:24,1
2022-03-08 11:00:38,3
2022-03-08 11:01:00,2
2022-03-08 11:01:37,2
2022-03-08 11:02:37,3
2022-03-08 11:02:57,2
2022-03-08 11:03:16,3
2022-03-08 11:03:35,2
2022-03-08 11:04:33,3
2022-03-08 11:06:26,2
2022-03-08 11:07:59,3
2022-03-08 11:10:37,3
2022-03-08 11:10:45,2
2022-03-08 11:11:09,2
2022-03-08 11:12:28,2
2022-03-08 11:12:48,2
2022-03-08 11:13:32,2
2022-03-08 11:14:09,3
2022-03-08 11:14:26,2
2022-03-08 11:14:31,3
2022-03-08 11:14:55,2
2022-03-08 11:15:12,0
2022-03-08 11:15:42,2
2022-03-08 11:16:25,3
2022-03-08 11:16:34,3
2022-03-08 11:17:15,2
2022-03-08 11:17:21,2
2022-03-08 11:17:31,2
2022-03-08 11:19:07,2
2022-03-08 11:19:23,2
2022-03-08 11:19:52,3
2022-03-08 11:20:18,3
2022-03-08 11:20:41,2
2022-03-08 11:21:47,2
2022-03-08 11:23:14,3
2022-03-08 11:24:15,3
2022-03-08 11:24:47,3
2022-03-08 11:24:57,3
2022-03-08 11:25:13,2
2022-03-08 11:26:44,2
2022-03-08 11:26:48,2
2022-03-08 11:27:54,3
2022-03-08 11:28:21,2
2022-03-08 11:29:05,3
2022-03-08 11:30:35,3
2022-03-08 11:33:25,2
2022-03-08 11:34:25,3
2022-03-08 11:34:36,2
2022-03-08 11:35:20,2
2022-03-08 11:43:26,0
2022-03-08 11:46:14,2
2022-03-08 11:46:26,2
2022-03-08 11:47:26,3
2022-03-08 11:48:13,3
2022-03-08 11:50:25,3
2022-03-08 11:58:56,3
2022-03-08 12:00:11,3
2022-03-08 12:00:47,2
2022-03-08 12:04:54,3
2022-03-08 12:06:43,3
2022-03-08 12:06:51,3
2022-03-08 12:08:28,2
2022-03-08 12:10:19,3
2022-03-08 12:10:58,3
2022-03-08 12:12:27,2
2022-03-08 12:12:34,2
2022-03-08 12:25:46,2
2022-03-08 12:32:56,3
2022-03-08 12:33:09,2
2022-03-08 12:35:10,2
2022-03-08 12:36:07,2
2022-03-08 12:36:16,2
2022-03-08 12:36:30,3
2022-03-08 12:38:46,2
2022-03-08 12:39:46,1
2022-03-08 12:39:51,2
2022-03-08 12:40:10,3
2022-03-08 12:42:27,2
2022-03-08 12:43:35,2
2022-03-08 12:45:10,2
2022-03-08 12:46:53,2
2022-03-08 12:47:06,3
2022-03-08 12:47:53,1
2022-03-08 12:49:24,3
2022-03-08 12:52:08,2
2022-03-08 12:54:40,2
2022-03-08 12:56:06,0
2022-03-08 12:58:12,2
2022-03-08 13:00:02,3
2022-03-08 13:05:29,1
2022-03-08 13:08:03,2
2022-03-08 13:11:52,2
2022-03-08 13:14:57,2
2022-03-08 13:16:55,3
2022-03-08 13:26:57,0
2022-03-08 13:31:20,2
2022-03-08 13:35:30,3
2022-03-08 13:35:56,2
2022-03-08 13:40:09,3
2022-03-08 13:41:59,3
2022-03-08 13:43:06,3
2022-03-08 13:47:33,2
2022-03-08 13:47:47,3
2022-03-08 13:49:12,2
2022-03-08 13:49:17,3
2022-03-08 13:49:27,3
2022-03-08 13:50:26,0
2022-03-08 13:52:50,3
2022-03-08 13:54:14,2
2022-03-08 13:57:33,2
2022-03-08 13:57:48,2
2022-03-08 14:02:37,2
2022-03-08 14:02:38,2
2022-03-08 14:04:07,2
2022-03-08 14:06:48,0
2022-03-08 14:07:32,2
2022-03-08 14:08:27,2
2022-03-08 14:08:56,2
2022-03-08 14:09:34,2
2022-03-08 14:09:46,3
2022-03-08 14:10:34,2
2022-03-08 14:11:40,1
2022-03-08 14:13:04,2
2022-03-08 14:13:16,3
2022-03-08 14:13:17,2
2022-03-08 14:13:36,3
2022-03-08 14:14:27,2
2022-03-08 14:14:58,3
2022-03-08 14:15:00,3
2022-03-08 14:16:06,2
2022-03-08 14:16:13,3
2022-03-08 14:16:24,2
2022-03-08 14:17:50,3
2022-03-08 14:19:13,1
2022-03-08 14:20:06,2
2022-03-08 14:20:28,2
2022-03-08 14:20:48,2
2022-03-08 14:22:30,2
2022-03-08 14:22:52,2
2022-03-08 14:22:57,3
2022-03-08 14:23:12,2
2022-03-08 14:24:40,2
2022-03-08 14:24:57,2
2022-03-08 14:25:38,2
2022-03-08 14:25:44,2
2022-03-08 14:26:48,2
2022-03-08 14:26:52,3
2022-03-08 14:26:55,2
2022-03-08 14:31:32,3
2022-03-08 14:31:58,2
2022-03-08 14:33:14,2
2022-03-08 14:33:29,0
2022-03-08 14:36:05,2
2022-03-08 14:37:18,2
2022-03-08 14:38:13,3
2022-03-08 14:39:37,3
2022-03-08 14:40:25,3
2022-03-08 14:40:36,3
2022-03-08 14:40:52,3
2022-03-08 14:40:53,3
2022-03-08 14:42:17,2
2022-03-08 14:43:00,2
2022-03-08 14:43:20,3
2022-03-08 14:45:06,2
2022-03-08 14:45:18,2
2022-03-08 14:45:39,3
2022-03-08 14:46:49,1
2022-03-08 14:49:11,3
2022-03-08 14:49:18,2
2022-03-08 14:49:34,1
2022-03-08 14:50:26,1
2022-03-08 14:50:36,2
2022-03-08 14:50:50,3
2022-03-08 14:50:59,3
2022-03-08 14:51:00,2
2022-03-08 14:51:01,2
2022-03-08 14:51:12,3
2022-03-08 14:52:12,2
2022-03-08 14:53:35,3
2022-03-08 14:54:07,2
2022-03-08 14:54:38,3
2022-03-08 14:55:16,3
2022-03-08 14:55:29,2
2022-03-08 14:55:51,2
2022-03-08 14:57:56,2
2022-03-08 14:58:26,2
2022-03-08 14:59:46,3
2022-03-08 14:59:50,2
2022-03-08 14:59:50,3
2022-03-08 15:00:15,2
2022-03-08 15:00:41,2
2022-03-08 15:00:46,0
2022-03-08 15:01:19,1
2022-03-08 15:01:34,2
2022-03-08 15:01:45,2
2022-03-08 15:02:47,3
2022-03-08 15:03:34,2
2022-03-08 15:05:12,2
2022-03-08 15:06:28,2
2022-03-08 15:07:01,2
2022-03-08 15:08:36,3
2022-03-08 15:09:07,2
2022-03-08 15:09:17,3
2022-03-08 15:09:42,2
2022-03-08 15:10:14,2
2022-03-08 15:10:47,3
2022-03-08 15:11:12,1
2022-03-08 15:11:49,2
2022-03-08 15:12:44,2
2022-03-08 15:12:58,3
2022-03-08 15:12:59,3
2022-03-08 15:15:21,4
2022-03-08 15:15:25,2
2022-03-08 15:16:00,3
2022-03-08 15:16:04,3
2022-03-08 15:17:19,2
2022-03-08 15:17:34,2
2022-03-08 15:18:11,3
2022-03-08 15:19:20,3
2022-03-08 15:19:55,2
2022-03-08 15:20:03,2
2022-03-08 15:20:19,2
2022-03-08 15:21:58,3
2022-03-08 15:22:03,2
2022-03-08 15:23:53,2
2022-03-08 15:24:20,2
2022-03-08 15:24:40,3
2022-03-08 15:24:46,3
2022-03-08 15:25:26,2
2022-03-08 15:25:52,2
2022-03-08 15:26:10,3
2022-03-08 15:26:37,3
2022-03-08 15:27:43,2
2022-03-08 15:27:58,2
2022-03-08 15:28:10,3
2022-03-08 15:28:27,2
2022-03-08 15:28:44,3
2022-03-08 15:29:55,2
2022-03-08 15:31:55,2
2022-03-08 15:32:14,3
2022-03-08 15:32:32,2
2022-03-08 15:32:40,2
2022-03-08 15:33:00,2
2022-03-08 15:34:09,1
2022-03-08 15:35:03,2
2022-03-08 15:36:41,3
2022-03-08 15:36:50,2
2022-03-08 15:37:33,2
2022-03-08 15:37:56,3
2022-03-08 15:38:23,3
2022-03-08 15:38:26,2
2022-03-08 15:38:38,3
2022-03-08 15:40:46,3
2022-03-08 15:41:20,3
2022-03-08 15:41:33,2
2022-03-08 15:42:53,1
2022-03-08 15:43:13,3
2022-03-08 15:43:26,2
2022-03-08 15:43:51,3
2022-03-08 15:44:52,3
2022-03-08 15:44:53,2
2022-03-08 15:45:13,2
2022-03-08 15:45:14,2
2022-03-08 15:45:16,3
2022-03-08 15:45:30,2
2022-03-08 15:45:55,2
2022-03-08 15:46:54,2
2022-03-08 15:47:36,2
2022-03-08 15:49:36,3
2022-03-08 15:49:57,3
2022-03-08 15:51:44,3
2022-03-08 15:54:02,3
2022-03-08 15:55:23,3
2022-03-08 15:56:12,2
2022-03-08 15:57:04,2
2022-03-08 15:57:13,3
2022-03-08 15:57:50,2
2022-03-08 15:57:51,3
2022-03-08 15:59:20,3
2022-03-08 15:59:46,2
2022-03-08 16:00:05,3
2022-03-08 16:03:03,3
2022-03-08 16:04:08,4
2022-03-08 16:06:20,3
2022-03-08 16:07:08,2
2022-03-08 16:08:27,3
2022-03-08 16:09:12,3
2022-03-08 16:09:35,3
2022-03-08 16:09:45,3
2022-03-08 16:11:38,3
2022-03-08 16:11:40,2
2022-03-08 16:13:13,3
2022-03-08 16:13:52,3
2022-03-08 16:15:42,2
2022-03-08 16:19:48,3
2022-03-08 16:20:43,2
2022-03-08 16:23:59,2
2022-03-08 16:27:25,2
2022-03-08 16:28:08,3
2022-03-08 16:28:16,0
2022-03-08 16:29:05,2
2022-03-08 16:30:11,2
2022-03-08 16:30:36,2
2022-03-08 16:30:59,3
2022-03-08 16:33:22,3
2022-03-08 16:33:44,3
2022-03-08 16:37:05,2
2022-03-08 16:37:38,2
2022-03-08 16:39:16,2
2022-03-08 16:40:05,2
2022-03-08 16:40:08,2
2022-03-08 16:40:20,2
2022-03-08 16:42:41,3
2022-03-08 16:43:19,3
2022-03-08 16:45:14,2
2022-03-08 16:45:23,2
2022-03-08 16:45:46,2
2022-03-08 16:46:52,2
2022-03-08 16:48:12,3
2022-03-08 16:48:19,3
2022-03-08 16:50:20,3
2022-03-08 16:50:43,3
2022-03-08 16:51:06,3
2022-03-08 16:52:07,2
2022-03-08 16:52:44,3
2022-03-08 16:53:39,3
2022-03-08 16:57:41,3
2022-03-08 16:57:43,2
2022-03-08 17:00:04,3
2022-03-08 17:03:55,3
2022-03-08 17:04:26,2
2022-03-08 17:05:42,2
2022-03-08 17:06:56,3
2022-03-08 17:07:38,2
2022-03-08 17:07:43,2
2022-03-08 17:08:22,0
2022-03-08 17:10:38,1
2022-03-08 17:13:35,3
2022-03-08 17:14:09,2
2022-03-08 17:14:29,3
2022-03-08 17:14:31,2
2022-03-08 17:15:05,2
2022-03-08 17:22:24,2
2022-03-08 17:22:33,3
2022-03-08 17:23:07,2
2022-03-08 17:24:13,2
2022-03-08 17:25:05,3
2022-03-08 17:26:43,3
2022-03-09 08:30:00,2
2022-03-09 08:30:01,3
2022-03-09 08:30:56,2
2022-03-09 08:32:48,2
2022-03-09 08:33:07,2
2022-03-09 08:35:36,3
2022-03-09 08:36:41,2
2022-03-09 08:40:25,3
2022-03-09 08:40:46,2
2022-03-09 08:44:12,3
2022-03-09 08:47:40,3
2022-03-09 08:48:41,3
2022-03-09 08:48:57,3
2022-03-09 08:49:37,2
2022-03-09 08:50:39,2
2022-03-09 08:52:25,2
2022-03-09 08:52:31,3
2022-03-09 08:53:24,1
2022-03-09 08:53:31,3
2022-03-09 08:56:23,0
2022-03-09 08:57:04,2
2022-03-09 08:58:15,3
2022-03-09 08:58:19,2
2022-03-09 09:01:51,3
2022-03-09 09:01:52,2
2022-03-09 09:01:53,3
2022-03-09 09:02:02,2
2022-03-09 09:02:27,2
2022-03-09 09:02:52,3
2022-03-09 09:04:38,3
2022-03-09 09:04:57,3
2022-03-09 09:05:36,2
2022-03-09 09:06:34,2
2022-03-09 09:08:18,2
2022-03-09 09:08:30,2
2022-03-09 09:08:53,2
2022-03-09 09:09:06,3
2022-03-09 09:09:15,3
2022-03-09 09:09:17,3
2022-03-09 09:09:37,3
2022-03-09 09:09:49,3
2022-03-09 09:09:52,3
2022-03-09 09:10:01,2
2022-03-09 09:10:25,2
2022-03-09 09:10:56,2
2022-03-09 09:11:39,3
2022-03-09 09:12:08,2
2022-03-09 09:12:43,3
2022-03-09 09:13:40,3
2022-03-09 09:14:20,3
2022-03-09 09:14:42,2
2022-03-09 09:15:11,2
2022-03-09 09:15:12,3
2022-03-09 09:16:09,2
2022-03-09 09:16:16,1
2022-03-09 09:17:04,2
2022-03-09 09:17:54,3
2022-03-09 09:18:04,0
2022-03-09 09:18:05,2
2022-03-09 09:18:07,3
2022-03-09 09:18:36,3
2022-03-09 09:19:08,4
2022-03-09 09:20:04,3
2022-03-09 09:20:10,3
2022-03-09 09:20:30,2
2022-03-09 09:21:32,3
2022-03-09 09:21:57,2
2022-03-09 09:22:05,3
2022-03-09 09:22:23,2
2022-03-09 09:22:48,3
2022-03-09 09:23:06,3
2022-03-09 09:23:13,2
2022-03-09 09:25:46,3
2022-03-09 09:27:04,3
2022-03-09 09:27:55,2
2022-03-09 09:28:21,2
2022-03-09 09:28:59,2
2022-03-09 09:29:03,2
2022-03-09 09:29:11,3
2022-03-09 09:29:16,3
2022-03-09 09:29:35,2
2022-03-09 09:31:22,2
2022-03-09 09:33:22,2
2022-03-09 09:33:25,3
2022-03-09 09:33:53,2
2022-03-09 09:34:29,3
2022-03-09 09:36:12,3
2022-03-09 09:37:12,3
2022-03-09 09:38:09,3
2022-03-09 09:39:16,2
2022-03-09 09:39:31,3
2022-03-09 09:39:56,2
2022-03-09 09:40:10,2
2022-03-09 09:40:23,2
2022-03-09 09:40:41,2
2022-03-09 09:41:23,2
2022-03-09 09:42:04,3
2022-03-09 09:42:17,3
2022-03-09 09:42:59,2
2022-03-09 09:44:20,2
2022-03-09 09:44:39,2
2022-03-09 09:44:58,3
2022-03-09 09:45:59,2
2022-03-09 09:46:04,0
2022-03-09 09:46:17,3
2022-03-09 09:47:21,2
2022-03-09 09:47:59,3
2022-03-09 09:48:24,2
2022-03-09 09:49:58,2
2022-03-09 09:49:59,1
2022-03-09 09:50:14,2
2022-03-09 09:50:29,3
2022-03-09 09:50:31,3
2022-03-09 09:50:35,3
2022-03-09 09:53:22,3
2022-03-09 09:54:49,3
2022-03-09 09:55:23,2
2022-03-09 09:56:09,0
2022-03-09 09:57:45,3
2022-03-09 09:58:29,0
2022-03-09 09:58:34,2
2022-03-09 09:58:43,3
2022-03-09 09:59:04,3
2022-03-09 09:59:49,2
2022-03-09 10:00:56,2
2022-03-09 10:01:25,0
2022-03-09 10:01:30,2
2022-03-09 10:01:48,1
2022-03-09 10:03:39,3
2022-03-09 10:04:41,2
2022-03-09 10:05:01,2
2022-03-09 10:07:55,3
2022-03-09 10:10:27,3
2022-03-09 10:11:08,3
2022-03-09 10:11:42,2
2022-03-09 10:11:55,2
2022-03-09 10:13:10,2
2022-03-09 10:13:18,3
2022-03-09 10:13:38,2
2022-03-09 10:13:49,2
2022-03-09 10:15:28,3
2022-03-09 10:16:22,2
2022-03-09 10:16:56,4
2022-03-09 10:17:21,2
2022-03-09 10:17:36,3
2022-03-09 10:18:04,2
2022-03-09 10:18:19,2
2022-03-09 10:18:39,2
2022-03-09 10:20:02,2
2022-03-09 10:21:20,3
2022-03-09 10:21:42,3
2022-03-09 10:22:17,3
2022-03-09 10:22:40,3
2022-03-09 10:22:50,3
2022-03-09 10:23:26,2
2022-03-09 10:23:30,3
2022-03-09 10:25:36,1
2022-03-09 10:26:09,3
2022-03-09 10:26:43,2
2022-03-09 10:26:55,3
2022-03-09 10:27:10,3
2022-03-09 10:28:37,2
2022-03-09 10:28:51,2
2022-03-09 10:28:53,3
2022-03-09 10:29:48,3
2022-03-09 10:31:26,2
2022-03-09 10:32:03,3
2022-03-09 10:32:45,2
2022-03-09 10:32:53,2
2022-03-09 10:33:30,2
2022-03-09 10:34:02,3
2022-03-09 10:34:24,3
2022-03-09 10:34:25,2
2022-03-09 10:35:17,0
2022-03-09 10:35:31,3
2022-03-09 10:35:58,3
2022-03-09 10:36:03,2
2022-03-09 10:37:21,3
2022-03-09 10:39:02,3
2022-03-09 10:39:41,2
2022-03-09 10:39:47,2
2022-03-09 10:40:15,3
2022-03-09 10:40:16,3
2022-03-09 10:40:55,2
2022-03-09 10:41:05,2
2022-03-09 10:41:17,3
2022-03-09 10:41:22,3
2022-03-09 10:41:22,2
2022-03-09 10:41:31,2
2022-03-09 10:41:42,2
2022-03-09 10:41:49,2
2022-03-09 10:42:57,3
2022-03-09 10:43:08,3
2022-03-09 10:44:10,2
2022-03-09 10:44:26,2
2022-03-09 10:44:31,0
2022-03-09 10:44:49,2
2022-03-09 10:45:08,1
2022-03-09 10:45:15,2
2022-03-09 10:45:20,2
2022-03-09 10:45:35,3
2022-03-09 10:45:50,3
2022-03-09 10:46:08,3
2022-03-09 10:46:47,3
2022-03-09 10:47:23,2
2022-03-09 10:48:31,2
2022-03-09 10:49:01,3
2022-03-09 10:49:02,2
2022-03-09 10:50:11,2
2022-03-09 10:50:16,3
2022-03-09 10:50:31,2
2022-03-09 10:51:04,2
2022-03-09 10:51:19,3
2022-03-09 10:51:37,2
2022-03-09 10:51:45,3
2022-03-09 10:51:57,2
2022-03-09 10:52:41,3
2022-03-09 10:53:15,2
2022-03-09 10:54:54,3
2022-03-09 10:56:33,2
2022-03-09 10:57:25,2
2022-03-09 10:57:27,2
2022-03-09 10:58:20,2
2022-03-09 10:58:44,3
2022-03-09 10:59:39,2
2022-03-09 11:00:16,3
2022-03-09 11:00:53,3
2022-03-09 11:01:06,2
2022-03-09 11:02:48,2
2022-03-09 11:02:57,3
2022-03-09 11:05:55,2
2022-03-09 11:07:24,2
2022-03-09 11:07:50,2
2022-03-09 11:08:09,3
2022-03-09 11:08:47,2
2022-03-09 11:09:46,3
2022-03-09 11:09:53,2
2022-03-09 11:10:03,2
2022-03-09 11:10:06,2
2022-03-09 11:10:11,2
2022-03-09 11:10:47,3
2022-03-09 11:12:50,3
2022-03-09 11:14:00,3
2022-03-09 11:14:15,3
2022-03-09 11:14:36,2
2022-03-09 11:15:30,2
2022-03-09 11:16:23,2
2022-03-09 11:16:48,3
2022-03-09 11:17:15,3
2022-03-09 11:18:59,3
2022-03-09 11:19:53,2
2022-03-09 11:20:31,2
2022-03-09 11:20:43,2
2022-03-09 11:21:45,3
2022-03-09 11:22:57,2
2022-03-09 11:25:00,2
2022-03-09 11:25:33,2
2022-03-09 11:26:10,2
2022-03-09 11:26:10,3
2022-03-09 11:26:18,3
2022-03-09 11:26:42,2
2022-03-09 11:28:22,0
2022-03-09 11:28:59,2
2022-03-09 11:29:22,2
2022-03-09 11:33:27,3
2022-03-09 11:34:37,2
2022-03-09 11:38:17,2
2022-03-09 11:41:30,2
2022-03-09 11:44:49,2
2022-03-09 11:45:26,3
2022-03-09 11:50:19,3
2022-03-09 11:50:35,2
2022-03-09 12:00:30,3
2022-03-09 12:00:34,2
2022-03-09 12:02:50,2
2022-03-09 12:03:37,2
2022-03-09 12:04:49,3
2022-03-09 12:05:37,2
2022-03-09 12:05:49,3
2022-03-09 12:06:10,3
2022-03-09 12:06:16,3
2022-03-09 12:06:33,3
2022-03-09 12:07:58,2
2022-03-09 12:10:55,2
2022-03-09 12:11:32,3
2022-03-09 12:12:01,2
2022-03-09 12:13:24,3
2022-03-09 12:14:59,3
2022-03-09 12:16:19,3
2022-03-09 12:18:38,2
2022-03-09 12:21:35,3
2022-03-09 12:27:17,2
2022-03-09 12:28:10,3
2022-03-09 12:30:08,3
2022-03-09 12:36:47,2
2022-03-09 12:36:57,2
2022-03-09 12:37:30,2
2022-03-09 12:41:01,2
2022-03-09 12:44:08,2
2022-03-09 12:45:02,3
2022-03-09 12:47:41,2
2022-03-09 12:48:04,2
2022-03-09 12:50:06,2
2022-03-09 12:50:41,3
2022-03-09 12:50:45,3
2022-03-09 12:51:14,2
2022-03-09 12:51:32,2
2022-03-09 12:51:32,2
2022-03-09 12:52:40,2
2022-03-09 12:52:44,2
2022-03-09 12:54:19,3
2022-03-09 12:54:29,2
2022-03-09 12:54:31,2
2022-03-09 12:55:37,2
2022-03-09 12:56:26,2
2022-03-09 12:56:59,2
2022-03-09 12:57:50,2
2022-03-09 12:59:09,3
2022-03-09 12:59:10,2
2022-03-09 12:59:55,2
2022-03-09 13:01:21,3
2022-03-09 13:02:26,3
2022-03-09 13:02:57,2
2022-03-09 13:14:53,2
2022-03-09 13:20:13,3
2022-03-09 13:21:13,2
2022-03-09 13:22:15,3
2022-03-09 13:22:15,3
2022-03-09 13:26:22,2
2022-03-09 13:28:59,2
2022-03-09 13:30:56,3
2022-03-09 13:32:24,3
2022-03-09 13:32:42,2
2022-03-09 13:33:11,3
2022-03-09 13:41:11,3
2022-03-09 13:43:16,3
2022-03-09 13:46:13,3
2022-03-09 13:51:46,3
2022-03-09 13:55:59,2
2022-03-09 13:58:09,2
2022-03-09 13:58:20,3
2022-03-09 14:00:49,2
2022-03-09 14:01:10,3
2022-03-09 14:01:22,1
2022-03-09 14:02:50,2
2022-03-09 14:03:09,2
2022-03-09 14:04:53,2
2022-03-09 14:05:15,3
2022-03-09 14:05:45,3
2022-03-09 14:07:50,3
2022-03-09 14:09:10,2
2022-03-09 14:10:06,2
2022-03-09 14:10:49,3
2022-03-09 14:10:49,2
2022-03-09 14:12:19,2
2022-03-09 14:12:22,2
2022-03-09 14:13:52,2
2022-03-09 14:17:01,3
2022-03-09 14:17:21,2
2022-03-09 14:18:08,2
2022-03-09 14:18:49,2
2022-03-09 14:19:08,3
2022-03-09 14:19:12,3
2022-03-09 14:21:21,2
2022-03-09 14:21:52,2
2022-03-09 14:22:08,2
2022-03-09 14:23:42,3
2022-03-09 14:23:52,3
2022-03-09 14:24:58,2
2022-03-09 14:25:21,2
2022-03-09 14:26:42,3
2022-03-09 14:27:26,2
2022-03-09 14:28:21,2
2022-03-09 14:28:23,2
2022-03-09 14:29:01,3
2022-03-09 14:29:37,3
2022-03-09 14:29:42,3
2022-03-09 14:30:23,2
2022-03-09 14:30:36,2
2022-03-09 14:31:10,3
2022-03-09 14:31:36,2
2022-03-09 14:31:42,2
2022-03-09 14:31:57,2
2022-03-09 14:32:09,2
2022-03-09 14:32:13,2
2022-03-09 14:32:18,2
2022-03-09 14:32:39,3
2022-03-09 14:33:09,2
2022-03-09 14:34:01,2
2022-03-09 14:34:17,3
2022-03-09 14:35:59,3
2022-03-09 14:36:37,3
2022-03-09 14:37:18,2
2022-03-09 14:38:07,3
2022-03-09 14:38:38,2
2022-03-09 14:39:09,3
2022-03-09 14:39:32,2
2022-03-09 14:39:49,3
2022-03-09 14:40:11,0
2022-03-09 14:40:46,3
2022-03-09 14:41:01,3
2022-03-09 14:41:21,2
2022-03-09 14:43:15,2
2022-03-09 14:45:22,2
2022-03-09 14:45:41,2
2022-03-09 14:46:09,3
2022-03-09 14:46:10,4
2022-03-09 14:49:00,4
2022-03-09 14:49:11,2
2022-03-09 14:49:35,2
2022-03-09 14:50:00,2
2022-03-09 14:50:08,2
2022-03-09 14:51:08,2
2022-03-09 14:51:29,3
2022-03-09 14:51:34,2
2022-03-09 14:52:36,3
2022-03-09 14:53:22,2
2022-03-09 14:53:40,2
2022-03-09 14:57:11,3
2022-03-09 14:58:12,4
2022-03-09 14:58:58,2
2022-03-09 15:00:04,2
2022-03-09 15:00:13,3
2022-03-09 15:00:40,3
2022-03-09 15:01:34,3
2022-03-09 15:02:05,2
2022-03-09 15:03:42,3
2022-03-09 15:03:53,3
2022-03-09 15:04:59,1
2022-03-09 15:06:10,3
2022-03-09 15:06:45,3
2022-03-09 15:07:26,3
2022-03-09 15:08:42,3
2022-03-09 15:09:49,2
2022-03-09 15:11:50,2
2022-03-09 15:11:56,3
2022-03-09 15:12:07,2
2022-03-09 15:14:47,2
2022-03-09 15:15:41,2
2022-03-09 15:15:59,4
2022-03-09 15:16:54,3
2022-03-09 15:18:12,2
2022-03-09 15:19:48,2
2022-03-09 15:20:44,2
2022-03-09 15:21:30,2
2022-03-09 15:22:09,2
2022-03-09 15:23:57,2
2022-03-09 15:23:58,2
2022-03-09 15:24:15,2
2022-03-09 15:24:38,2
2022-03-09 15:25:11,3
2022-03-09 15:25:29,2
2022-03-09 15:26:08,2
2022-03-09 15:26:08,2
2022-03-09 15:27:25,2
2022-03-09 15:27:29,3
2022-03-09 15:28:16,2
2022-03-09 15:28:36,2
2022-03-09 15:29:14,3
2022-03-09 15:30:00,2
2022-03-09 15:30:22,2
2022-03-09 15:32:09,2
2022-03-09 15:32:28,2
2022-03-09 15:32:40,2
2022-03-09 15:33:10,2
2022-03-09 15:33:22,2
2022-03-09 15:33:33,2
2022-03-09 15:33:49,3
2022-03-09 15:36:44,3
2022-03-09 15:36:50,3
2022-03-09 15:37:12,2
2022-03-09 15:38:07,3
2022-03-09 15:40:01,3
2022-03-09 15:40:32,2
2022-03-09 15:41:08,2
2022-03-09 15:41:15,1
2022-03-09 15:41:36,3
2022-03-09 15:41:50,2
2022-03-09 15:44:04,4
2022-03-09 15:45:02,2
2022-03-09 15:46:40,2
2022-03-09 15:47:03,3
2022-03-09 15:47:34,3
2022-03-09 15:48:13,2
2022-03-09 15:48:23,3
2022-03-09 15:48:45,3
2022-03-09 15:49:03,2
2022-03-09 15:49:03,0
2022-03-09 15:49:31,2
2022-03-09 15:49:50,3
2022-03-09 15:50:23,2
2022-03-09 15:50:25,2
2022-03-09 15:51:01,3
2022-03-09 15:51:08,2
2022-03-09 15:51:31,2
2022-03-09 15:51:52,2
2022-03-09 15:51:54,2
2022-03-09 15:52:16,3
2022-03-09 15:52:21,3
2022-03-09 15:52:50,3
2022-03-09 15:55:03,3
2022-03-09 15:55:38,3
2022-03-09 15:56:03,3
2022-03-09 15:56:23,2
2022-03-09 15:56:58,3
2022-03-09 15:57:15,1
2022-03-09 15:58:43,2
2022-03-09 15:59:09,2
2022-03-09 16:00:29,2
2022-03-09 16:02:24,2
2022-03-09 16:03:19,4
2022-03-09 16:05:42,2
2022-03-09 16:07:43,3
2022-03-09 16:08:23,2
2022-03-09 16:09:23,4
2022-03-09 16:09:42,2
2022-03-09 16:13:06,2
2022-03-09 16:14:02,2
2022-03-09 16:15:24,3
2022-03-09 16:17:31,2
2022-03-09 16:17:33,2
2022-03-09 16:21:42,3
2022-03-09 16:22:17,2
2022-03-09 16:22:23,2
2022-03-09 16:22:33,2
2022-03-09 16:25:24,2
2022-03-09 16:25:26,3
2022-03-09 16:25:32,2
2022-03-09 16:25:38,2
2022-03-09 16:27:34,3
2022-03-09 16:29:31,2
2022-03-09 16:30:10,3
2022-03-09 16:30:37,2
2022-03-09 16:36:01,3
2022-03-09 16:37:14,2
2022-03-09 16:40:47,3
2022-03-09 16:41:28,3
2022-03-09 16:41:38,0
2022-03-09 16:41:48,2
2022-03-09 16:41:53,3
2022-03-09 16:43:06,3
2022-03-09 16:43:14,3
2022-03-09 16:45:24,2
2022-03-09 16:49:33,4
2022-03-09 16:53:38,2
2022-03-09 16:58:58,4
2022-03-09 17:01:26,3
2022-03-09 17:03:22,3
2022-03-09 17:04:55,3
2022-03-09 17:05:01,3
2022-03-09 17:05:24,2
2022-03-09 17:08:00,3
2022-03-09 17:09:05,2
2022-03-09 17:12:36,2
2022-03-09 17:12:38,2
2022-03-09 17:12:43,3
2022-03-09 17:13:49,3
2022-03-09 17:14:32,2
2022-03-09 17:16:48,3
2022-03-09 17:17:25,3
2022-03-09 17:18:37,3
2022-03-09 17:20:32,3
2022-03-09 17:21:32,3
2022-03-09 17:23:15,3
2022-03-09 17:23:35,3
2022-03-09 17:26:32,3
2022-03-10 08:30:00,3
2022-03-10 08:31:15,2
2022-03-10 08:31:31,2
2022-03-10 08:31:33,3
2022-03-10 08:31:56,3
2022-03-10 08:31:58,2
2022-03-10 08:32:18,2
2022-03-10 08:33:45,3
2022-03-10 08:36:42,3
2022-03-10 08:38:06,3
2022-03-10 08:38:19,2
2022-03-10 08:40:09,2
2022-03-10 08:41:30,2
2022-03-10 08:44:02,3
2022-03-10 08:44:03,3
2022-03-10 08:47:23,2
2022-03-10 08:49:22,2
2022-03-10 08:49:47,2
2022-03-10 08:49:51,3
2022-03-10 08:50:59,2
2022-03-10 08:52:00,2
2022-03-10 08:52:20,2
2022-03-10 08:53:19,3
2022-03-10 08:55:37,2
2022-03-10 08:59:14,2
2022-03-10 08:59:52,3
2022-03-10 09:01:04,2
2022-03-10 09:01:36,3
2022-03-10 09:03:13,2
2022-03-10 09:05:56,3
2022-03-10 09:06:10,3
2022-03-10 09:06:59,3
2022-03-10 09:07:28,3
2022-03-10 09:07:39,2
2022-03-10 09:09:19,2
2022-03-10 09:09:53,3
2022-03-10 09:10:03,3
2022-03-10 09:11:20,3
2022-03-10 09:11:22,2
2022-03-10 09:11:34,3
2022-03-10 09:11:41,2
2022-03-10 09:13:25,1
2022-03-10 09:13:41,2
2022-03-10 09:13:42,3
2022-03-10 09:15:21,3
2022-03-10 09:16:12,3
2022-03-10 09:17:40,3
2022-03-10 09:18:42,2
2022-03-10 09:18:52,3
2022-03-10 09:20:56,2
2022-03-10 09:21:46,3
2022-03-10 09:22:47,2
2022-03-10 09:23:15,2
2022-03-10 09:23:36,3
2022-03-10 09:25:30,2
2022-03-10 09:25:39,2
2022-03-10 09:26:05,2
2022-03-10 09:26:30,3
2022-03-10 09:28:01,3
2022-03-10 09:28:13,2
2022-03-10 09:28:54,2
2022-03-10 09:30:08,2
2022-03-10 09:30:27,3
2022-03-10 09:32:16,3
2022-03-10 09:32:18,1
2022-03-10 09:32:27,2
2022-03-10 09:33:35,2
2022-03-10 09:34:41,2
2022-03-10 09:35:44,2
2022-03-10 09:35:51,3
2022-03-10 09:36:17,3
2022-03-10 09:36:41,2
2022-03-10 09:37:01,2
2022-03-10 09:37:52,3
2022-03-10 09:38:00,3
2022-03-10 09:38:40,0
2022-03-10 09:39:02,3
2022-03-10 09:40:15,2
2022-03-10 09:40:37,2
2022-03-10 09:41:04,3
2022-03-10 09:42:26,3
2022-03-10 09:43:36,3
2022-03-10 09:43:38,2
2022-03-10 09:43:45,3
2022-03-10 09:44:18,2
2022-03-10 09:44:35,2
2022-03-10 09:44:43,0
2022-03-10 09:45:19,3
2022-03-10 09:45:46,3
2022-03-10 09:46:32,2
2022-03-10 09:47:25,2
2022-03-10 09:47:40,3
2022-03-10 09:47:46,0
2022-03-10 09:48:30,3
2022-03-10 09:49:30,2
2022-03-10 09:49:43,2
2022-03-10 09:51:59,2
2022-03-10 09:52:34,0
2022-03-10 09:53:58,2
2022-03-10 09:54:09,3
2022-03-10 09:55:02,2
2022-03-10 09:55:11,2
2022-03-10 09:55:35,2
2022-03-10 09:55:35,3
2022-03-10 09:56:36,2
2022-03-10 09:57:39,2
2022-03-10 09:58:12,2
2022-03-10 09:58:33,3
2022-03-10 09:59:12,3
2022-03-10 10:00:26,0
2022-03-10 10:01:29,3
2022-03-10 10:03:42,2
2022-03-10 10:03:56,2
2022-03-10 10:04:09,3
2022-03-10 10:06:44,2
2022-03-10 10:07:02,3
2022-03-10 10:09:20,2
2022-03-10 10:09:43,3
2022-03-10 10:10:53,2
2022-03-10 10:12:22,2
2022-03-10 10:12:52,1
2022-03-10 10:15:24,2
2022-03-10 10:15:39,2
2022-03-10 10:18:51,0
2022-03-10 10:20:44,3
2022-03-10 10:20:54,2
2022-03-10 10:24:58,3
2022-03-10 10:25:26,3
2022-03-10 10:25:50,3
2022-03-10 10:27:18,1
2022-03-10 10:27:35,2
2022-03-10 10:27:47,2
2022-03-10 10:27:56,2
2022-03-10 10:28:21,3
2022-03-10 10:28:44,2
2022-03-10 10:28:50,2
2022-03-10 10:29:33,3
2022-03-10 10:29:50,2
2022-03-10 10:29:57,2
2022-03-10 10:30:16,2
2022-03-10 10:30:31,3
2022-03-10 10:31:07,3
2022-03-10 10:31:22,1
2022-03-10 10:31:45,2
2022-03-10 10:33:06,3
2022-03-10 10:33:34,3
2022-03-10 10:33:40,3
2022-03-10 10:34:18,3
2022-03-10 10:37:10,2
2022-03-10 10:37:32,2
2022-03-10 10:38:57,2
2022-03-10 10:39:02,2
2022-03-10 10:39:54,2
2022-03-10 10:40:09,3
2022-03-10 10:42:13,1
2022-03-10 10:42:19,2
2022-03-10 10:43:15,2
2022-03-10 10:44:21,3
2022-03-10 10:44:45,3
2022-03-10 10:44:58,2
2022-03-10 10:46:20,3
2022-03-10 10:46:50,2
2022-03-10 10:46:56,2
2022-03-10 10:47:50,3
2022-03-10 10:48:09,2
2022-03-10 10:48:09,2
2022-03-10 10:48:21,3
2022-03-10 10:48:24,3
2022-03-10 10:48:59,2
2022-03-10 10:50:17,2
2022-03-10 10:51:08,2
2022-03-10 10:53:35,2
2022-03-10 10:53:37,3
2022-03-10 10:53:49,3
2022-03-10 10:53:51,3
2022-03-10 10:54:52,2
2022-03-10 10:54:53,2
2022-03-10 10:55:06,3
2022-03-10 10:56:03,3
2022-03-10 10:58:19,2
2022-03-10 10:58:45,3
2022-03-10 10:58:46,3
2022-03-10 10:58:53,3
2022-03-10 10:59:00,3
2022-03-10 11:00:47,2
2022-03-10 11:01:14,3
2022-03-10 11:01:55,2
2022-03-10 11:03:13,2
2022-03-10 11:03:30,3
2022-03-10 11:03:32,3
2022-03-10 11:04:24,3
2022-03-10 11:05:03,2
2022-03-10 11:05:34,2
2022-03-10 11:07:50,3
2022-03-10 11:09:12,0
2022-03-10 11:09:58,2
2022-03-10 11:10:03,2
2022-03-10 11:10:03,3
2022-03-10 11:10:28,3
2022-03-10 11:10:37,2
2022-03-10 11:10:57,2
2022-03-10 11:14:49,2
2022-03-10 11:15:17,3
2022-03-10 11:15:24,2
2022-03-10 11:16:41,2
2022-03-10 11:17:19,2
2022-03-10 11:19:45,3
2022-03-10 11:21:15,1
2022-03-10 11:21:26,2
2022-03-10 11:21:36,2
2022-03-10 11:21:50,2
2022-03-10 11:23:05,2
2022-03-10 11:24:39,2
2022-03-10 11:24:54,3
2022-03-10 11:26:30,2
2022-03-10 11:30:49,2
2022-03-10 11:31:32,2
2022-03-10 11:32:27,2
2022-03-10 11:33:34,2
2022-03-10 11:35:17,3
2022-03-10 11:37:20,3
2022-03-10 11:38:22,2
2022-03-10 11:39:04,2
2022-03-10 11:39:45,3
2022-03-10 11:44:34,2
2022-03-10 11:53:00,2
2022-03-10 11:53:06,2
2022-03-10 11:53:53,2
2022-03-10 11:54:16,2
2022-03-10 11:54:59,2
2022-03-10 11:59:05,3
2022-03-10 12:01:47,0
2022-03-10 12:02:12,2
2022-03-10 12:03:18,3
2022-03-10 12:04:18,2
2022-03-10 12:04:45,4
2022-03-10 12:08:07,3
2022-03-10 12:08:18,1
2022-03-10 12:11:26,3
2022-03-10 12:15:14,2
2022-03-10 12:17:48,2
2022-03-10 12:19:37,2
2022-03-10 12:21:21,2
2022-03-10 12:22:12,2
2022-03-10 12:22:45,3
2022-03-10 12:28:51,3
2022-03-10 12:32:26,3
2022-03-10 12:36:29,2
2022-03-10 12:38:03,2
2022-03-10 12:38:20,2
2022-03-10 12:39:16,2
2022-03-10 12:39:53,2
2022-03-10 12:40:53,3
2022-03-10 12:41:07,3
2022-03-10 12:42:21,3
2022-03-10 12:44:42,2
2022-03-10 12:47:00,3
2022-03-10 12:48:26,3
2022-03-10 12:50:31,3
2022-03-10 12:50:48,3
2022-03-10 12:51:58,2
2022-03-10 12:54:18,2
2022-03-10 12:54:36,3
2022-03-10 12:55:08,3
2022-03-10 12:56:30,3
2022-03-10 12:56:35,2
2022-03-10 12:58:43,3
2022-03-10 12:58:54,2
2022-03-10 12:59:51,3
2022-03-10 13:07:26,2
2022-03-10 13:18:45,3
2022-03-10 13:20:23,2
2022-03-10 13:23:05,3
2022-03-10 13:24:40,3
2022-03-10 13:25:34,3
2022-03-10 13:29:24,2
2022-03-10 13:30:22,2
2022-03-10 13:31:18,2
2022-03-10 13:35:04,3
2022-03-10 13:36:58,3
2022-03-10 13:37:06,0
2022-03-10 13:37:50,2
2022-03-10 13:40:04,3
2022-03-10 13:40:06,1
2022-03-10 13:44:17,3
2022-03-10 13:46:54,3
2022-03-10 13:47:12,2
2022-03-10 13:47:33,0
2022-03-10 13:49:38,3
2022-03-10 13:50:24,2
2022-03-10 13:52:06,3
2022-03-10 13:52:33,3
2022-03-10 13:52:39,2
2022-03-10 13:55:43,2
2022-03-10 13:56:38,2
2022-03-10 14:00:27,3
2022-03-10 14:01:33,3
2022-03-10 14:02:55,3
2022-03-10 14:03:00,0
2022-03-10 14:03:01,3
2022-03-10 14:03:02,3
2022-03-10 14:03:59,3
2022-03-10 14:04:03,1
2022-03-10 14:04:49,2
2022-03-10 14:05:01,2
2022-03-10 14:05:05,3
2022-03-10 14:05:11,2
2022-03-10 14:05:12,2
2022-03-10 14:05:52,2
2022-03-10 14:07:01,2
2022-03-10 14:07:29,1
2022-03-10 14:08:09,2
2022-03-10 14:08:10,2
2022-03-10 14:08:14,2
2022-03-10 14:08:46,3
2022-03-10 14:09:04,3
2022-03-10 14:09:24,2
2022-03-10 14:10:21,3
2022-03-10 14:10:38,2
2022-03-10 14:11:16,2
2022-03-10 14:12:15,2
2022-03-10 14:13:01,3
2022-03-10 14:13:02,2
2022-03-10 14:15:13,2
2022-03-10 14:17:07,3
2022-03-10 14:17:08,3
2022-03-10 14:17:32,2
2022-03-10 14:20:19,2
2022-03-10 14:20:50,2
2022-03-10 14:21:14,2
2022-03-10 14:21:29,3
2022-03-10 14:22:13,2
2022-03-10 14:23:17,2
2022-03-10 14:25:47,2
2022-03-10 14:26:01,3
2022-03-10 14:27:14,3
2022-03-10 14:27:56,3
2022-03-10 14:28:14,3
2022-03-10 14:28:33,2
2022-03-10 14:28:57,2
2022-03-10 14:28:57,2
2022-03-10 14:29:05,4
2022-03-10 14:30:20,3
2022-03-10 14:30:49,2
2022-03-10 14:30:54,1
2022-03-10 14:32:50,3
2022-03-10 14:32:53,3
2022-03-10 14:33:06,3
2022-03-10 14:35:23,3
2022-03-10 14:36:16,2
2022-03-10 14:36:23,3
2022-03-10 14:36:53,2
2022-03-10 14:37:33,2
2022-03-10 14:37:58,3
2022-03-10 14:38:41,2
2022-03-10 14:39:30,3
2022-03-10 14:41:29,3
2022-03-10 14:42:15,3
2022-03-10 14:42:40,3
2022-03-10 14:43:30,2
2022-03-10 14:44:16,3
2022-03-10 14:44:28,3
2022-03-10 14:45:11,2
2022-03-10 14:46:19,2
2022-03-10 14:46:44,2
2022-03-10 14:47:14,2
2022-03-10 14:47:17,3
2022-03-10 14:47:42,3
2022-03-10 14:48:34,2
2022-03-10 14:50:04,3
2022-03-10 14:51:26,3
2022-03-10 14:52:00,2
2022-03-10 14:52:48,2
2022-03-10 14:54:47,3
2022-03-10 14:54:59,2
2022-03-10 14:56:50,2
2022-03-10 14:57:17,2
2022-03-10 14:58:09,3
2022-03-10 14:58:13,2
2022-03-10 14:58:22,3
2022-03-10 14:58:29,3
2022-03-10 14:58:41,2
2022-03-10 14:59:03,2
2022-03-10 14:59:05,2
2022-03-10 14:59:53,3
2022-03-10 15:03:36,3
2022-03-10 15:06:08,3
2022-03-10 15:06:49,2
2022-03-10 15:06:58,3
2022-03-10 15:07:17,2
2022-03-10 15:07:18,2
2022-03-10 15:07:40,2
2022-03-10 15:08:04,0
2022-03-10 15:08:52,3
2022-03-10 15:09:26,2
2022-03-10 15:09:46,2
2022-03-10 15:09:47,3
2022-03-10 15:12:43,3
2022-03-10 15:13:50,3
2022-03-10 15:14:55,2
2022-03-10 15:15:27,3
2022-03-10 15:16:17,3
2022-03-10 15:16:52,2
2022-03-10 15:17:39,3
2022-03-10 15:17:56,2
2022-03-10 15:19:26,3
2022-03-10 15:19:44,3
2022-03-10 15:20:13,3
2022-03-10 15:20:27,3
2022-03-10 15:21:49,2
2022-03-10 15:22:04,2
2022-03-10 15:22:40,3
2022-03-10 15:23:13,2
2022-03-10 15:23:28,2
2022-03-10 15:25:15,1
2022-03-10 15:25:19,3
2022-03-10 15:26:31,3
2022-03-10 15:27:16,4
2022-03-10 15:27:32,3
2022-03-10 15:27:57,3
2022-03-10 15:28:11,3
2022-03-10 15:29:27,2
2022-03-10 15:29:28,2
2022-03-10 15:30:17,3
2022-03-10 15:30:51,3
2022-03-10 15:31:13,2
2022-03-10 15:32:07,2
2022-03-10 15:32:17,3
2022-03-10 15:33:05,2
2022-03-10 15:33:10,3
2022-03-10 15:33:25,2
2022-03-10 15:33:40,4
2022-03-10 15:34:23,4
2022-03-10 15:34:51,4
2022-03-10 15:35:11,3
2022-03-10 15:35:56,3
2022-03-10 15:36:33,2
2022-03-10 15:36:44,0
2022-03-10 15:36:49,3
2022-03-10 15:37:04,2
2022-03-10 15:37:22,2
2022-03-10 15:37:24,3
2022-03-10 15:37:35,2
2022-03-10 15:39:01,3
2022-03-10 15:39:06,2
2022-03-10 15:40:34,2
2022-03-10 15:40:57,3
2022-03-10 15:41:53,3
2022-03-10 15:42:45,2
2022-03-10 15:42:47,2
2022-03-10 15:44:55,2
2022-03-10 15:44:57,2
2022-03-10 15:44:58,2
2022-03-10 15:46:02,2
2022-03-10 15:46:44,2
2022-03-10 15:46:56,3
2022-03-10 15:47:02,2
2022-03-10 15:47:13,3
2022-03-10 15:48:08,0
2022-03-10 15:48:44,2
2022-03-10 15:48:58,3
2022-03-10 15:49:05,1
2022-03-10 15:49:24,3
2022-03-10 15:49:32,3
2022-03-10 15:50:17,3
2022-03-10 15:51:14,2
2022-03-10 15:53:05,2
2022-03-10 15:53:27,3
2022-03-10 15:53:48,3
2022-03-10 15:54:00,3
2022-03-10 15:54:01,4
2022-03-10 15:54:53,2
2022-03-10 15:55:05,2
2022-03-10 15:57:22,2
2022-03-10 15:57:45,2
2022-03-10 15:58:17,2
2022-03-10 15:59:59,3
2022-03-10 16:00:20,2
2022-03-10 16:01:41,3
2022-03-10 16:02:20,3
2022-03-10 16:04:03,3
2022-03-10 16:04:45,0
2022-03-10 16:06:39,2
2022-03-10 16:07:48,3
2022-03-10 16:07:57,2
2022-03-10 16:08:12,2
2022-03-10 16:08:47,3
2022-03-10 16:11:33,2
2022-03-10 16:12:24,3
2022-03-10 16:14:48,2
2022-03-10 16:16:10,1
2022-03-10 16:17:58,3
2022-03-10 16:19:24,2
2022-03-10 16:25:44,2
2022-03-10 16:26:40,2
2022-03-10 16:27:02,2
2022-03-10 16:27:11,2
2022-03-10 16:27:31,3
2022-03-10 16:30:07,2
2022-03-10 16:31:37,3
2022-03-10 16:32:18,2
2022-03-10 16:39:16,2
2022-03-10 16:41:11,3
2022-03-10 16:44:16,3
2022-03-10 16:48:18,4
2022-03-10 16:53:16,2
2022-03-10 16:53:26,2
2022-03-10 16:55:29,2
2022-03-10 16:58:45,3
2022-03-10 16:59:07,2
2022-03-10 17:00:08,3
2022-03-10 17:00:13,3
2022-03-10 17:00:59,3
2022-03-10 17:02:17,1
2022-03-10 17:02:54,2
2022-03-10 17:03:39,2
2022-03-10 17:04:26,3
2022-03-10 17:04:59,2
2022-03-10 17:05:36,2
2022-03-10 17:09:00,2
2022-03-10 17:09:03,2
2022-03-10 17:11:30,2
2022-03-10 17:12:19,2
2022-03-10 17:12:53,3
2022-03-10 17:16:48,2
2022-03-10 17:17:11,2
2022-03-10 17:18:32,3
2022-03-10 17:19:06,2
2022-03-10 17:19:09,3
2022-03-10 17:20:10,3
2022-03-10 17:20:21,3
2022-03-10 17:21:33,3
2022-03-10 17:22:15,3
2022-03-10 17:24:04,2
2022-03-10 17:24:22,2
2022-03-10 17:27:22,2
2022-03-10 17:27:58,3
2022-03-10 17:29:14,2
2022-03-10 17:29:52,3
2022-03-11 08:30:00,2
2022-03-11 08:30:27,2
2022-03-11 08:32:12,3
2022-03-11 08:33:48,2
2022-03-11 08:35:20,2
2022-03-11 08:35:30,3
2022-03-11 08:36:24,2
2022-03-11 08:37:32,2
2022-03-11 08:38:40,3
2022-03-11 08:43:06,3
2022-03-11 08:44:12,2
2022-03-11 08:44:13,3
2022-03-11 08:45:26,1
2022-03-11 08:51:51,2
2022-03-11 08:52:00,0
2022-03-11 08:53:07,2
2022-03-11 08:53:39,2
2022-03-11 08:54:40,3
2022-03-11 08:56:07,3
2022-03-11 08:56:30,2
2022-03-11 08:58:50,3
2022-03-11 09:01:43,3
2022-03-11 09:01:52,0
2022-03-11 09:02:37,3
2022-03-11 09:02:42,2
2022-03-11 09:03:55,2
2022-03-11 09:04:12,3
2022-03-11 09:05:23,2
2022-03-11 09:05:35,2
2022-03-11 09:06:40,2
2022-03-11 09:07:06,3
2022-03-11 09:07:52,3
2022-03-11 09:07:58,4
2022-03-11 09:08:37,3
2022-03-11 09:09:19,2
2022-03-11 09:09:53,3
2022-03-11 09:11:05,3
2022-03-11 09:11:34,2
2022-03-11 09:12:14,3
2022-03-11 09:12:28,3
2022-03-11 09:13:30,2
2022-03-11 09:13:45,3
2022-03-11 09:13:49,2
2022-03-11 09:14:21,3
2022-03-11 09:15:13,3
2022-03-11 09:15:30,2
2022-03-11 09:15:30,2
2022-03-11 09:15:32,2
2022-03-11 09:15:37,2
2022-03-11 09:15:46,2
2022-03-11 09:15:48,2
2022-03-11 09:16:54,1
2022-03-11 09:17:22,2
2022-03-11 09:17:44,2
2022-03-11 09:18:06,2
2022-03-11 09:18:31,3
2022-03-11 09:19:38,2
2022-03-11 09:20:20,0
2022-03-11 09:20:46,3
2022-03-11 09:21:04,2
2022-03-11 09:22:14,3
2022-03-11 09:22:15,2
2022-03-11 09:22:25,2
2022-03-11 09:22:41,3
2022-03-11 09:22:52,2
2022-03-11 09:23:18,2
2022-03-11 09:23:59,2
2022-03-11 09:24:12,2
2022-03-11 09:24:35,2
2022-03-11 09:25:15,2
2022-03-11 09:27:57,3
2022-03-11 09:28:37,3
2022-03-11 09:29:06,2
2022-03-11 09:29:11,2
2022-03-11 09:30:12,2
2022-03-11 09:31:09,2
2022-03-11 09:31:14,3
2022-03-11 09:31:44,2
2022-03-11 09:32:26,3
2022-03-11 09:34:33,3
2022-03-11 09:34:56,1
2022-03-11 09:36:18,2
2022-03-11 09:36:46,4
2022-03-11 09:37:17,2
2022-03-11 09:38:04,1
2022-03-11 09:39:30,3
2022-03-11 09:39:45,3
2022-03-11 09:39:59,2
2022-03-11 09:40:17,3
2022-03-11 09:40:25,4
2022-03-11 09:43:11,2
2022-03-11 09:43:20,3
2022-03-11 09:44:39,2
2022-03-11 09:46:18,2
2022-03-11 09:46:48,4
2022-03-11 09:47:06,3
2022-03-11 09:47:36,2
2022-03-11 09:49:58,2
2022-03-11 09:50:13,3
2022-03-11 09:51:09,3
2022-03-11 09:51:26,3
2022-03-11 09:51:38,1
2022-03-11 09:52:23,2
2022-03-11 09:52:30,0
2022-03-11 09:52:38,1
2022-03-11 09:53:12,3
2022-03-11 09:53:19,2
2022-03-11 09:53:58,2
2022-03-11 09:54:36,2
2022-03-11 09:55:08,3
2022-03-11 09:56:19,3
2022-03-11 09:56:47,3
2022-03-11 09:57:11,2
2022-03-11 09:58:57,2
2022-03-11 09:59:11,2
2022-03-11 09:59:23,3
2022-03-11 09:59:28,2
2022-03-11 10:00:25,2
2022-03-11 10:01:27,2
2022-03-11 10:01:28,2
2022-03-11 10:01:38,2
2022-03-11 10:02:42,2
2022-03-11 10:03:20,2
2022-03-11 10:04:18,3
2022-03-11 10:04:21,2
2022-03-11 10:04:45,2
2022-03-11 10:05:17,3
2022-03-11 10:05:33,3
2022-03-11 10:07:55,3
2022-03-11 10:08:38,3
2022-03-11 10:09:07,0
2022-03-11 10:09:08,3
2022-03-11 10:09:56,2
2022-03-11 10:11:53,3
2022-03-11 10:11:56,2
2022-03-11 10:13:43,2
2022-03-11 10:15:20,3
2022-03-11 10:15:35,2
2022-03-11 10:16:52,2
2022-03-11 10:17:37,2
2022-03-11 10:18:33,3
2022-03-11 10:19:15,3
2022-03-11 10:19:20,2
2022-03-11 10:19:49,3
2022-03-11 10:20:37,2
2022-03-11 10:20:52,3
2022-03-11 10:22:15,3
2022-03-11 10:25:59,2
2022-03-11 10:26:06,3
2022-03-11 10:27:29,2
2022-03-11 10:27:32,2
2022-03-11 10:28:40,0
2022-03-11 10:30:47,2
2022-03-11 10:31:28,3
2022-03-11 10:31:31,2
2022-03-11 10:31:58,1
2022-03-11 10:32:24,2
2022-03-11 10:33:13,2
2022-03-11 10:33:52,2
2022-03-11 10:34:39,2
2022-03-11 10:35:11,2
2022-03-11 10:37:21,2
2022-03-11 10:37:31,3
2022-03-11 10:38:09,3
2022-03-11 10:38:45,2
2022-03-11 10:39:00,3
2022-03-11 10:40:48,2
2022-03-11 10:41:43,2
2022-03-11 10:41:52,2
2022-03-11 10:41:53,3
2022-03-11 10:41:59,2
2022-03-11 10:42:09,3
2022-03-11 10:42:16,2
2022-03-11 10:42:27,2
2022-03-11 10:42:52,3
2022-03-11 10:42:58,2
2022-03-11 10:43:00,2
2022-03-11 10:43:01,2
2022-03-11 10:43:22,3
2022-03-11 10:43:24,2
2022-03-11 10:43:30,2
2022-03-11 10:43:40,2
2022-03-11 10:45:18,3
2022-03-11 10:45:51,3
2022-03-11 10:45:57,3
2022-03-11 10:46:03,0
2022-03-11 10:46:24,3
2022-03-11 10:47:27,2
2022-03-11 10:47:31,3
2022-03-11 10:47:47,2
2022-03-11 10:48:03,3
2022-03-11 10:48:07,3
2022-03-11 10:48:17,3
2022-03-11 10:48:43,3
2022-03-11 10:49:34,3
2022-03-11 10:49:38,1
2022-03-11 10:50:06,3
2022-03-11 10:50:21,2
2022-03-11 10:50:43,2
2022-03-11 10:51:58,2
2022-03-11 10:52:01,2
2022-03-11 10:52:21,3
2022-03-11 10:52:39,2
2022-03-11 10:52:40,3
2022-03-11 10:53:16,3
2022-03-11 10:55:59,2
2022-03-11 10:56:22,3
2022-03-11 10:58:00,2
2022-03-11 10:58:25,2
2022-03-11 10:59:08,3
2022-03-11 10:59:10,3
2022-03-11 10:59:20,3
2022-03-11 10:59:25,2
2022-03-11 11:00:02,2
2022-03-11 11:00:30,3
2022-03-11 11:00:59,2
2022-03-11 11:01:50,2
2022-03-11 11:01:54,2
2022-03-11 11:03:46,2
2022-03-11 11:04:05,3
2022-03-11 11:04:12,3
2022-03-11 11:04:31,3
2022-03-11 11:04:56,3
2022-03-11 11:05:47,3
2022-03-11 11:06:25,4
2022-03-11 11:06:51,2
2022-03-11 11:09:03,3
2022-03-11 11:10:43,2
2022-03-11 11:11:26,3
2022-03-11 11:12:43,2
2022-03-11 11:13:13,2
2022-03-11 11:14:00,2
2022-03-11 11:14:42,2
2022-03-11 11:15:11,2
2022-03-11 11:15:23,2
2022-03-11 11:15:55,3
2022-03-11 11:16:16,2
2022-03-11 11:17:34,2
2022-03-11 11:17:38,3
2022-03-11 11:18:20,2
2022-03-11 11:19:03,2
2022-03-11 11:19:03,2
2022-03-11 11:19:07,2
2022-03-11 11:19:18,2
2022-03-11 11:19:31,0
2022-03-11 11:21:16,2
2022-03-11 11:21:28,3
2022-03-11 11:21:36,3
2022-03-11 11:22:47,3
2022-03-11 11:23:10,2
2022-03-11 11:23:12,2
2022-03-11 11:23:21,2
2022-03-11 11:23:35,3
2022-03-11 11:25:35,2
2022-03-11 11:28:41,3
2022-03-11 11:29:05,3
2022-03-11 11:29:06,2
2022-03-11 11:29:44,3
2022-03-11 11:30:01,3
2022-03-11 11:35:57,2
2022-03-11 11:38:55,2
2022-03-11 11:39:40,4
2022-03-11 11:42:06,2
2022-03-11 11:45:59,3
2022-03-11 11:50:25,3
2022-03-11 11:52:00,2
2022-03-11 11:53:20,3
2022-03-11 11:56:15,3
2022-03-11 11:58:16,3
2022-03-11 11:59:08,3
2022-03-11 12:01:40,3
2022-03-11 12:02:06,2
2022-03-11 12:02:39,2
2022-03-11 12:06:03,2
2022-03-11 12:10:54,2
2022-03-11 12:14:21,3
2022-03-11 12:18:32,2
2022-03-11 12:18:54,2
2022-03-11 12:20:05,2
2022-03-11 12:30:03,1
2022-03-11 12:30:09,3
2022-03-11 12:30:19,3
2022-03-11 12:30:25,3
2022-03-11 12:31:13,2
2022-03-11 12:31:16,3
2022-03-11 12:32:48,2
2022-03-11 12:32:52,3
2022-03-11 12:33:16,1
2022-03-11 12:33:51,3
2022-03-11 12:34:24,3
2022-03-11 12:35:00,4
2022-03-11 12:36:07,4
2022-03-11 12:37:25,2
2022-03-11 12:40:35,1
2022-03-11 12:40:52,3
2022-03-11 12:41:05,2
2022-03-11 12:41:58,0
2022-03-11 12:43:39,4
2022-03-11 12:45:06,2
2022-03-11 12:47:39,3
2022-03-11 12:48:46,3
2022-03-11 12:50:27,3
2022-03-11 12:51:59,3
2022-03-11 12:52:26,3
2022-03-11 12:53:59,2
2022-03-11 12:54:52,3
2022-03-11 12:59:21,3
2022-03-11 13:00:10,2
2022-03-11 13:10:08,3
2022-03-11 13:15:27,2
2022-03-11 13:15:33,3
2022-03-11 13:34:33,2
2022-03-11 13:34:52,3
2022-03-11 13:36:42,3
2022-03-11 13:38:22,2
2022-03-11 13:38:42,2
2022-03-11 13:41:02,3
2022-03-11 13:42:27,0
2022-03-11 13:44:10,3
2022-03-11 13:44:35,3
2022-03-11 13:45:07,3
2022-03-11 13:47:16,3
2022-03-11 13:47:22,2
2022-03-11 13:47:52,2
2022-03-11 13:48:31,3
2022-03-11 13:51:14,2
2022-03-11 13:56:11,2
2022-03-11 14:00:27,3
2022-03-11 14:00:39,3
2022-03-11 14:01:12,2
2022-03-11 14:01:49,3
2022-03-11 14:02:08,1
2022-03-11 14:02:14,2
2022-03-11 14:02:43,2
2022-03-11 14:05:27,2
2022-03-11 14:05:50,2
2022-03-11 14:06:13,3
2022-03-11 14:06:52,3
2022-03-11 14:10:04,3
2022-03-11 14:11:08,3
2022-03-11 14:11:26,2
2022-03-11 14:12:16,3
2022-03-11 14:12:43,2
2022-03-11 14:13:36,3
2022-03-11 14:14:03,2
2022-03-11 14:14:07,2
2022-03-11 14:14:11,2
2022-03-11 14:14:26,3
2022-03-11 14:14:31,3
2022-03-11 14:14:47,4
2022-03-11 14:15:25,3
2022-03-11 14:16:39,3
2022-03-11 14:16:42,2
2022-03-11 14:17:23,2
2022-03-11 14:18:06,2
2022-03-11 14:20:45,3
2022-03-11 14:21:44,3
2022-03-11 14:22:27,2
2022-03-11 14:23:22,2
2022-03-11 14:23:43,4
2022-03-11 14:24:10,2
2022-03-11 14:24:27,2
2022-03-11 14:25:02,1
2022-03-11 14:25:07,3
2022-03-11 14:26:21,2
2022-03-11 14:28:35,2
2022-03-11 14:28:41,2
2022-03-11 14:29:02,3
2022-03-11 14:29:54,3
2022-03-11 14:31:04,2
2022-03-11 14:32:07,3
2022-03-11 14:32:37,3
2022-03-11 14:32:51,3
2022-03-11 14:33:27,3
2022-03-11 14:33:44,3
2022-03-11 14:35:03,2
2022-03-11 14:35:23,3
2022-03-11 14:36:27,2
2022-03-11 14:37:10,2
2022-03-11 14:37:31,3
2022-03-11 14:37:53,2
2022-03-11 14:38:54,3
2022-03-11 14:39:23,2
2022-03-11 14:39:26,3
2022-03-11 14:39:47,2
2022-03-11 14:40:38,2
2022-03-11 14:40:44,2
2022-03-11 14:41:02,3
2022-03-11 14:41:23,2
2022-03-11 14:41:39,3
2022-03-11 14:41:51,3
2022-03-11 14:42:40,2
2022-03-11 14:45:01,2
2022-03-11 14:45:04,2
2022-03-11 14:45:12,2
2022-03-11 14:45:13,2
2022-03-11 14:46:10,2
2022-03-11 14:47:18,3
2022-03-11 14:47:33,2
2022-03-11 14:48:12,2
2022-03-11 14:48:51,2
2022-03-11 14:49:19,1
2022-03-11 14:49:25,1
2022-03-11 14:50:10,2
2022-03-11 14:50:46,3
2022-03-11 14:51:33,3
2022-03-11 14:52:58,3
2022-03-11 14:53:00,2
2022-03-11 14:53:07,2
2022-03-11 14:53:14,0
2022-03-11 14:54:19,4
2022-03-11 14:55:29,2
2022-03-11 14:57:26,2
2022-03-11 14:57:39,3
2022-03-11 14:58:36,2
2022-03-11 14:58:52,1
2022-03-11 14:59:23,3
2022-03-11 14:59:29,2
2022-03-11 14:59:42,3
2022-03-11 15:01:09,2
2022-03-11 15:02:36,3
2022-03-11 15:02:56,2
2022-03-11 15:03:25,2
2022-03-11 15:03:47,2
2022-03-11 15:04:28,3
2022-03-11 15:05:09,3
2022-03-11 15:05:35,3
2022-03-11 15:06:26,2
2022-03-11 15:06:43,2
2022-03-11 15:07:10,2
2022-03-11 15:08:30,2
2022-03-11 15:08:38,3
2022-03-11 15:08:43,2
2022-03-11 15:08:49,0
2022-03-11 15:09:50,2
2022-03-11 15:10:23,3
2022-03-11 15:10:32,2
2022-03-11 15:10:45,3
2022-03-11 15:12:29,2
2022-03-11 15:13:05,3
2022-03-11 15:13:16,3
2022-03-11 15:13:44,2
2022-03-11 15:14:14,4
2022-03-11 15:14:33,2
2022-03-11 15:15:07,0
2022-03-11 15:15:12,2
2022-03-11 15:16:50,3
2022-03-11 15:18:40,2
2022-03-11 15:20:27,3
2022-03-11 15:20:47,3
2022-03-11 15:21:12,2
2022-03-11 15:21:20,2
2022-03-11 15:22:01,2
2022-03-11 15:24:58,2
2022-03-11 15:26:08,2
2022-03-11 15:26:21,2
2022-03-11 15:27:02,2
2022-03-11 15:27:27,2
2022-03-11 15:28:04,3
2022-03-11 15:29:12,2
2022-03-11 15:29:33,2
2022-03-11 15:30:13,3
2022-03-11 15:33:02,2
2022-03-11 15:33:23,2
2022-03-11 15:34:55,2
2022-03-11 15:35:13,3
2022-03-11 15:39:04,3
2022-03-11 15:39:07,2
2022-03-11 15:39:40,3
2022-03-11 15:39:59,0
2022-03-11 15:40:11,3
2022-03-11 15:43:06,3
2022-03-11 15:43:54,2
2022-03-11 15:44:09,3
2022-03-11 15:45:09,2
2022-03-11 15:45:45,3
2022-03-11 15:46:01,3
2022-03-11 15:46:06,2
2022-03-11 15:46:20,3
2022-03-11 15:46:56,2
2022-03-11 15:48:32,2
2022-03-11 15:48:52,3
2022-03-11 15:49:15,2
2022-03-11 15:50:26,3
2022-03-11 15:50:34,3
2022-03-11 15:50:46,2
2022-03-11 15:50:53,3
2022-03-11 15:51:12,3
2022-03-11 15:51:17,1
2022-03-11 15:51:53,2
2022-03-11 15:53:26,3
2022-03-11 15:55:09,2
2022-03-11 15:55:45,2
2022-03-11 15:55:47,0
2022-03-11 15:56:14,3
2022-03-11 15:56:52,4
2022-03-11 15:57:28,3
2022-03-11 15:57:48,2
2022-03-11 15:58:11,4
2022-03-11 15:58:19,2
2022-03-11 15:59:35,3
2022-03-11 16:00:37,3
2022-03-11 16:03:14,2
2022-03-11 16:03:27,2
2022-03-11 16:04:04,3
2022-03-11 16:08:31,3
2022-03-11 16:09:10,2
2022-03-11 16:09:41,3
2022-03-11 16:09:59,3
2022-03-11 16:10:33,3
2022-03-11 16:10:37,3
2022-03-11 16:14:18,2
2022-03-11 16:15:24,3
2022-03-11 16:15:28,3
2022-03-11 16:18:30,0
2022-03-11 16:22:07,0
2022-03-11 16:26:40,2
2022-03-11 16:28:36,4
2022-03-11 16:36:22,3
2022-03-11 16:38:30,3
2022-03-11 16:42:38,2
2022-03-11 16:43:52,3
2022-03-11 16:44:02,2
2022-03-11 16:44:52,1
2022-03-11 16:49:20,2
2022-03-11 16:50:36,2
2022-03-11 16:55:52,3
2022-03-11 16:55:56,3
2022-03-11 16:56:14,2
2022-03-11 16:56:50,3
2022-03-11 17:03:28,3
2022-03-11 17:10:18,3
2022-03-11 17:10:36,3
2022-03-11 17:11:27,2
2022-03-11 17:12:08,2
2022-03-11 17:13:34,2
2022-03-11 17:13:52,2
2022-03-11 17:14:01,3
2022-03-11 17:15:57,2
2022-03-11 17:17:06,2
2022-03-11 17:17:31,3
2022-03-11 17:17:44,2
2022-03-11 17:18:31,1
2022-03-11 17:19:48,3
2022-03-11 17:19:55,0
2022-03-11 17:21:00,3
2022-03-11 17:23:19,2
2022-03-11 17:23:35,2
2022-03-11 17:23:47,4
2022-03-11 17:25:19,3
2022-03-11 17:25:25,2
2022-03-11 17:28:49,2
